Learning Rate,0.01,
Number of units per hidden layer,4,5,
Number of hidden layers,110,130,150,
Number of iterations,5000,
Regularisation,0,
Loss function,isSum,False,
,isAbsolute,False,
,isPercent,True,
,
,
Learning Rate,Number of hidden layers,Number of units per hidden layer,Number of iterations,e1,e2,e3,e4,e5,e6,
0.01,4.0,110.0,5000.0,1.655453085899353,1.363499402999878,1.4038552045822144,0.48247087001800537,2.8427610397338867,2.9229960441589355,
0.01,4.0,130.0,5000.0,0.2543976604938507,0.15226316452026367,0.18806426227092743,0.23245583474636078,0.510975182056427,0.2651582360267639,
0.01,4.0,150.0,5000.0,0.190944641828537,0.33434146642684937,0.6952667832374573,0.12070061266422272,0.3282252252101898,0.2839714586734772,
0.01,5.0,110.0,5000.0,1.8469698429107666,1.8244918584823608,1.794360637664795,2.488325595855713,1.0459387302398682,2.106955051422119,
0.01,5.0,130.0,5000.0,1.0659931898117065,1.1706945896148682,1.1638396978378296,1.2202929258346558,2.335819721221924,0.9867854118347168,
0.01,5.0,150.0,5000.0,0.38807612657546997,0.20534786581993103,0.18405835330486298,0.1440301090478897,0.9046525955200195,0.2840847074985504,

0.01,4.0,150.0,5000.0,0.190944641828537,e1,
0.01,4.0,130.0,5000.0,0.15226316452026367,e2,
0.01,5.0,150.0,5000.0,0.18405835330486298,e3,
0.01,4.0,150.0,5000.0,0.12070061266422272,e4,
0.01,4.0,150.0,5000.0,0.3282252252101898,e5,
0.01,4.0,130.0,5000.0,0.2651582360267639,e6,

All errors less than 1
0.01,4.0,130.0,5000.0,0.2543976604938507,0.15226316452026367,0.18806426227092743,0.23245583474636078,0.510975182056427,0.2651582360267639,
0.01,4.0,150.0,5000.0,0.190944641828537,0.33434146642684937,0.6952667832374573,0.12070061266422272,0.3282252252101898,0.2839714586734772,
0.01,5.0,150.0,5000.0,0.38807612657546997,0.20534786581993103,0.18405835330486298,0.1440301090478897,0.9046525955200195,0.2840847074985504,

No Other Top Performers found!!!!

Total Time taken by GPU(in seconds),225.71151113510132,
