Learning Rate,0.001,
Number of units per hidden layer,4,
Number of hidden layers,170,
Number of iterations,20000,
Regularisation,0,
Loss function,isSum,True,
,isAbsolute,False,
,isPercent,True,
,
,
Learning Rate,Number of hidden layers,Number of units per hidden layer,Number of iterations,e1,e2,e3,e4,e5,e6,
0.001,4.0,170.0,20000.0,0.34017327427864075,0.30260804295539856,0.31364551186561584,0.2843877673149109,1.0020270347595215,0.38692405819892883,

0.001,4.0,170.0,20000.0,0.34017327427864075,e1,
0.001,4.0,170.0,20000.0,0.30260804295539856,e2,
0.001,4.0,170.0,20000.0,0.31364551186561584,e3,
0.001,4.0,170.0,20000.0,0.2843877673149109,e4,
0.001,4.0,170.0,20000.0,1.0020270347595215,e5,
0.001,4.0,170.0,20000.0,0.38692405819892883,e6,

No Top Performers found!!!!

All errors less than 2
0.001,4.0,170.0,20000.0,0.34017327427864075,0.30260804295539856,0.31364551186561584,0.2843877673149109,1.0020270347595215,0.38692405819892883,

Total Time taken by GPU(in seconds),174.7460765838623,
