Learning Rate,0.001,
Number of units per hidden layer,6,
Number of hidden layers,150,
Number of iterations,40000,
Regularisation,0,
Loss function,isSum,True,
,isAbsolute,False,
,isPercent,True,
,
,
Learning Rate,Number of hidden layers,Number of units per hidden layer,Number of iterations,e1,e2,e3,e4,e5,e6,
0.001,6.0,150.0,40000.0,0.34068605303764343,0.3636935353279114,0.3661271929740906,0.35752734541893005,0.5412389636039734,0.4404120147228241,

0.001,6.0,150.0,40000.0,0.34068605303764343,e1,
0.001,6.0,150.0,40000.0,0.3636935353279114,e2,
0.001,6.0,150.0,40000.0,0.3661271929740906,e3,
0.001,6.0,150.0,40000.0,0.35752734541893005,e4,
0.001,6.0,150.0,40000.0,0.5412389636039734,e5,
0.001,6.0,150.0,40000.0,0.4404120147228241,e6,

All errors less than 1
0.001,6.0,150.0,40000.0,0.34068605303764343,0.3636935353279114,0.3661271929740906,0.35752734541893005,0.5412389636039734,0.4404120147228241,

No Other Top Performers found!!!!

Total Time taken by GPU(in seconds),497.2482042312622,
