Learning Rate,0.001,
Number of units per hidden layer,4,
Number of hidden layers,150,
Number of iterations,60000,
Regularisation,0,
Loss function,isSum,True,
,isAbsolute,False,
,isPercent,True,
,
,
Learning Rate,Number of hidden layers,Number of units per hidden layer,Number of iterations,e1,e2,e3,e4,e5,e6,
0.001,4.0,150.0,60000.0,0.08531644940376282,0.11844226717948914,0.11842399835586548,0.07485049962997437,0.3527033030986786,0.3473888039588928,

0.001,4.0,150.0,60000.0,0.08531644940376282,e1,
0.001,4.0,150.0,60000.0,0.11844226717948914,e2,
0.001,4.0,150.0,60000.0,0.11842399835586548,e3,
0.001,4.0,150.0,60000.0,0.07485049962997437,e4,
0.001,4.0,150.0,60000.0,0.3527033030986786,e5,
0.001,4.0,150.0,60000.0,0.3473888039588928,e6,

All errors less than 1
0.001,4.0,150.0,60000.0,0.08531644940376282,0.11844226717948914,0.11842399835586548,0.07485049962997437,0.3527033030986786,0.3473888039588928,

No Other Top Performers found!!!!

Total Time taken by GPU(in seconds),475.25847601890564,
