Learning Rate,0.001,
Number of units per hidden layer,4,
Number of hidden layers,150,
Number of iterations,10000,
Regularisation,0,
Loss function,isSum,True,
,isAbsolute,False,
,isPercent,True,
,
,
Learning Rate,Number of hidden layers,Number of units per hidden layer,Number of iterations,e1,e2,e3,e4,e5,e6,
0.001,4.0,150.0,10000.0,0.260764479637146,0.3271787166595459,0.41083768010139465,0.22236116230487823,0.7146214842796326,0.45300135016441345,

0.001,4.0,150.0,10000.0,0.260764479637146,e1,
0.001,4.0,150.0,10000.0,0.3271787166595459,e2,
0.001,4.0,150.0,10000.0,0.41083768010139465,e3,
0.001,4.0,150.0,10000.0,0.22236116230487823,e4,
0.001,4.0,150.0,10000.0,0.7146214842796326,e5,
0.001,4.0,150.0,10000.0,0.45300135016441345,e6,

All errors less than 1
0.001,4.0,150.0,10000.0,0.260764479637146,0.3271787166595459,0.41083768010139465,0.22236116230487823,0.7146214842796326,0.45300135016441345,

No Other Top Performers found!!!!

Total Time taken by GPU(in seconds),83.5180275440216,
