Number of Inputs,2,
Number of Outputs,6,
Number of data points,15015000,
Case,2,
Size of mini-batch,2048,
Number of batches,20,
Number of Training examples,40960,
Number of Validation examples,10000,
Number of iterations,30000,
Layer Normalization,True,
,
Optimizer,<class 'torch.optim.adam.Adam'>,
Activation Function,<class 'torch.nn.modules.activation.PReLU'>,
,
Loss function,isSum,False,
,isAbsolute,False,
,isPercent,True,
,Regularisation,None,
,
,
initLR,lrUpdateCoeff,lrUpdatePeriod,L1,N1,L2,N2,e1,e2,e3,e4,e5,e6,
0.01,5.0,5000.0,7.0,207.0,1.0,3.0,0.8110166788101196,0.385865718126297,0.4416739046573639,0.8293916583061218,1.1122846603393555,0.35637030005455017,
0.01,5.0,5000.0,7.0,207.0,1.0,3.0,0.6839251518249512,0.3368944525718689,0.3998177647590637,0.8184080719947815,0.9216315150260925,0.29776084423065186,
,

0.01,5.0,5000.0,7.0,207.0,1.0,3.0,0.6839251518249512,e1,
0.01,5.0,5000.0,7.0,207.0,1.0,3.0,0.3368944525718689,e2,
0.01,5.0,5000.0,7.0,207.0,1.0,3.0,0.3998177647590637,e3,
0.01,5.0,5000.0,7.0,207.0,1.0,3.0,0.8184080719947815,e4,
0.01,5.0,5000.0,7.0,207.0,1.0,3.0,0.9216315150260925,e5,
0.01,5.0,5000.0,7.0,207.0,1.0,3.0,0.29776084423065186,e6,

All errors less than 1
0.01,5.0,5000.0,7.0,207.0,1.0,3.0,0.6839251518249512,0.3368944525718689,0.3998177647590637,0.8184080719947815,0.9216315150260925,0.29776084423065186,

No Other Top Performers found!!!!

Total Time taken by GPU(in seconds),9251.865343809128,
