Learning Rate,0.001,
Number of units per hidden layer,5,
Number of hidden layers,150,
Number of iterations,20000,
Regularisation,0,
Loss function,isSum,True,
,isAbsolute,False,
,isPercent,True,
,
,
Learning Rate,Number of hidden layers,Number of units per hidden layer,Number of iterations,e1,e2,e3,e4,e5,e6,
0.001,5.0,150.0,20000.0,0.7553619742393494,0.6823679208755493,0.7117337584495544,0.4624863266944885,1.8717870712280273,0.9758666157722473,

0.001,5.0,150.0,20000.0,0.7553619742393494,e1,
0.001,5.0,150.0,20000.0,0.6823679208755493,e2,
0.001,5.0,150.0,20000.0,0.7117337584495544,e3,
0.001,5.0,150.0,20000.0,0.4624863266944885,e4,
0.001,5.0,150.0,20000.0,1.8717870712280273,e5,
0.001,5.0,150.0,20000.0,0.9758666157722473,e6,

No Top Performers found!!!!

All errors less than 2
0.001,5.0,150.0,20000.0,0.7553619742393494,0.6823679208755493,0.7117337584495544,0.4624863266944885,1.8717870712280273,0.9758666157722473,

Total Time taken by GPU(in seconds),220.62462997436523,
