Learning Rate,0.001,
Number of units per hidden layer,5,
Number of hidden layers,150,
Number of iterations,40000,
Regularisation,0,
Loss function,isSum,True,
,isAbsolute,False,
,isPercent,True,
,
,
Learning Rate,Number of hidden layers,Number of units per hidden layer,Number of iterations,e1,e2,e3,e4,e5,e6,
0.001,5.0,150.0,40000.0,0.28767281770706177,0.25840312242507935,0.28009703755378723,0.24978803098201752,0.436583012342453,0.4763529598712921,

0.001,5.0,150.0,40000.0,0.28767281770706177,e1,
0.001,5.0,150.0,40000.0,0.25840312242507935,e2,
0.001,5.0,150.0,40000.0,0.28009703755378723,e3,
0.001,5.0,150.0,40000.0,0.24978803098201752,e4,
0.001,5.0,150.0,40000.0,0.436583012342453,e5,
0.001,5.0,150.0,40000.0,0.4763529598712921,e6,

All errors less than 1
0.001,5.0,150.0,40000.0,0.28767281770706177,0.25840312242507935,0.28009703755378723,0.24978803098201752,0.436583012342453,0.4763529598712921,

No Other Top Performers found!!!!

Total Time taken by GPU(in seconds),377.71368622779846,
