Learning Rate,0.01,
Number of units per hidden layer,5,
Number of hidden layers,150,
Number of iterations,10000,
Regularisation,0,
Loss function,isSum,False,
,isAbsolute,False,
,isPercent,True,
,
,
Learning Rate,Number of hidden layers,Number of units per hidden layer,Number of iterations,e1,e2,e3,e4,e5,e6,
0.01,5.0,150.0,10000.0,0.11472804844379425,0.16199107468128204,0.2601146697998047,0.2217928171157837,0.44676390290260315,0.36187943816185,

0.01,5.0,150.0,10000.0,0.11472804844379425,e1,
0.01,5.0,150.0,10000.0,0.16199107468128204,e2,
0.01,5.0,150.0,10000.0,0.2601146697998047,e3,
0.01,5.0,150.0,10000.0,0.2217928171157837,e4,
0.01,5.0,150.0,10000.0,0.44676390290260315,e5,
0.01,5.0,150.0,10000.0,0.36187943816185,e6,

All errors less than 1
0.01,5.0,150.0,10000.0,0.11472804844379425,0.16199107468128204,0.2601146697998047,0.2217928171157837,0.44676390290260315,0.36187943816185,

No Other Top Performers found!!!!

Total Time taken by GPU(in seconds),113.77521705627441,
