Learning Rate,0.001,
Number of units per hidden layer,4,
Number of hidden layers,170,190,210,
Number of iterations,10000,
Regularisation,0,
Loss function,isSum,True,
,isAbsolute,False,
,isPercent,True,
,
,
Learning Rate,Number of hidden layers,Number of units per hidden layer,Number of iterations,e1,e2,e3,e4,e5,e6,
0.001,4.0,170.0,10000.0,0.20388469099998474,0.28455114364624023,0.4327298700809479,0.18015822768211365,0.42519140243530273,0.23308147490024567,
0.001,4.0,190.0,10000.0,0.26745450496673584,0.2692299783229828,0.3869769871234894,0.23169775307178497,0.5453912019729614,0.4730548858642578,
0.001,4.0,210.0,10000.0,0.4928371012210846,0.4277059733867645,0.6437698006629944,0.3125031590461731,0.6480219960212708,0.7874370813369751,

0.001,4.0,170.0,10000.0,0.20388469099998474,e1,
0.001,4.0,190.0,10000.0,0.2692299783229828,e2,
0.001,4.0,190.0,10000.0,0.3869769871234894,e3,
0.001,4.0,170.0,10000.0,0.18015822768211365,e4,
0.001,4.0,170.0,10000.0,0.42519140243530273,e5,
0.001,4.0,170.0,10000.0,0.23308147490024567,e6,

All errors less than 1
0.001,4.0,170.0,10000.0,0.20388469099998474,0.28455114364624023,0.4327298700809479,0.18015822768211365,0.42519140243530273,0.23308147490024567,
0.001,4.0,190.0,10000.0,0.26745450496673584,0.2692299783229828,0.3869769871234894,0.23169775307178497,0.5453912019729614,0.4730548858642578,
0.001,4.0,210.0,10000.0,0.4928371012210846,0.4277059733867645,0.6437698006629944,0.3125031590461731,0.6480219960212708,0.7874370813369751,

No Other Top Performers found!!!!

Total Time taken by GPU(in seconds),246.41783738136292,
