Learning Rate,0.001,
Number of units per hidden layer,4,
Number of hidden layers,150,
Number of iterations,40000,
Regularisation,0,
Loss function,isSum,True,
,isAbsolute,False,
,isPercent,True,
,
,
Learning Rate,Number of hidden layers,Number of units per hidden layer,Number of iterations,e1,e2,e3,e4,e5,e6,
0.001,4.0,150.0,40000.0,0.05203547701239586,0.12402892857789993,0.15190422534942627,0.06913341581821442,0.3467235267162323,0.19582916796207428,

0.001,4.0,150.0,40000.0,0.05203547701239586,e1,
0.001,4.0,150.0,40000.0,0.12402892857789993,e2,
0.001,4.0,150.0,40000.0,0.15190422534942627,e3,
0.001,4.0,150.0,40000.0,0.06913341581821442,e4,
0.001,4.0,150.0,40000.0,0.3467235267162323,e5,
0.001,4.0,150.0,40000.0,0.19582916796207428,e6,

All errors less than 1
0.001,4.0,150.0,40000.0,0.05203547701239586,0.12402892857789993,0.15190422534942627,0.06913341581821442,0.3467235267162323,0.19582916796207428,

No Other Top Performers found!!!!

Total Time taken by GPU(in seconds),335.07608437538147,
