Learning Rate,0.001,
Number of units per hidden layer,4,
Number of hidden layers,170,
Number of iterations,100000,
Regularisation,0,
Loss function,isSum,True,
,isAbsolute,False,
,isPercent,True,
,
,
Learning Rate,Number of hidden layers,Number of units per hidden layer,Number of iterations,e1,e2,e3,e4,e5,e6,
0.001,4.0,170.0,100000.0,0.25981560349464417,0.2590632438659668,0.26690566539764404,0.4263078272342682,0.8446930646896362,0.7685239315032959,

0.001,4.0,170.0,100000.0,0.25981560349464417,e1,
0.001,4.0,170.0,100000.0,0.2590632438659668,e2,
0.001,4.0,170.0,100000.0,0.26690566539764404,e3,
0.001,4.0,170.0,100000.0,0.4263078272342682,e4,
0.001,4.0,170.0,100000.0,0.8446930646896362,e5,
0.001,4.0,170.0,100000.0,0.7685239315032959,e6,

All errors less than 1
0.001,4.0,170.0,100000.0,0.25981560349464417,0.2590632438659668,0.26690566539764404,0.4263078272342682,0.8446930646896362,0.7685239315032959,

No Other Top Performers found!!!!

Total Time taken by GPU(in seconds),856.8978707790375,
