Learning Rate,0.01,
Number of units per hidden layer,5,
Number of hidden layers,150,
Number of iterations,10000,
Regularisation,0,
Loss function,isSum,True,
,isAbsolute,False,
,isPercent,True,
,
,
Learning Rate,Number of hidden layers,Number of units per hidden layer,Number of iterations,e1,e2,e3,e4,e5,e6,
0.01,5.0,150.0,10000.0,0.3699887990951538,0.4198634922504425,0.4522198736667633,0.27584755420684814,0.3337550163269043,0.303222119808197,

0.01,5.0,150.0,10000.0,0.3699887990951538,e1,
0.01,5.0,150.0,10000.0,0.4198634922504425,e2,
0.01,5.0,150.0,10000.0,0.4522198736667633,e3,
0.01,5.0,150.0,10000.0,0.27584755420684814,e4,
0.01,5.0,150.0,10000.0,0.3337550163269043,e5,
0.01,5.0,150.0,10000.0,0.303222119808197,e6,

All errors less than 1
0.01,5.0,150.0,10000.0,0.3699887990951538,0.4198634922504425,0.4522198736667633,0.27584755420684814,0.3337550163269043,0.303222119808197,

No Other Top Performers found!!!!

Total Time taken by GPU(in seconds),112.3254599571228,
