Learning Rate,0.001,
Number of units per hidden layer,4,
Number of hidden layers,170,
Number of iterations,10000,
Regularisation,1000,
Loss function,isSum,True,
,isAbsolute,False,
,isPercent,False,
,
,
Learning Rate,Number of hidden layers,Number of units per hidden layer,Number of iterations,e1,e2,e3,e4,e5,e6,
0.001,4.0,170.0,10000.0,0.43039363622665405,0.19820551574230194,0.5470889806747437,0.3640992343425751,1.303065299987793,0.5734595060348511,

0.001,4.0,170.0,10000.0,0.43039363622665405,e1,
0.001,4.0,170.0,10000.0,0.19820551574230194,e2,
0.001,4.0,170.0,10000.0,0.5470889806747437,e3,
0.001,4.0,170.0,10000.0,0.3640992343425751,e4,
0.001,4.0,170.0,10000.0,1.303065299987793,e5,
0.001,4.0,170.0,10000.0,0.5734595060348511,e6,

No Top Performers found!!!!

All errors less than 2
0.001,4.0,170.0,10000.0,0.43039363622665405,0.19820551574230194,0.5470889806747437,0.3640992343425751,1.303065299987793,0.5734595060348511,

Total Time taken by GPU(in seconds),84.34699559211731,
