Learning Rate,0.001,
Number of units per hidden layer,3,
Number of hidden layers,150,
Number of iterations,40000,
Regularisation,0,
Loss function,isSum,True,
,isAbsolute,False,
,isPercent,True,
,
,
Learning Rate,Number of hidden layers,Number of units per hidden layer,Number of iterations,e1,e2,e3,e4,e5,e6,
0.001,3.0,150.0,40000.0,0.14527998864650726,0.08940307796001434,0.1217333972454071,0.22989270091056824,0.4924073815345764,0.37015917897224426,

0.001,3.0,150.0,40000.0,0.14527998864650726,e1,
0.001,3.0,150.0,40000.0,0.08940307796001434,e2,
0.001,3.0,150.0,40000.0,0.1217333972454071,e3,
0.001,3.0,150.0,40000.0,0.22989270091056824,e4,
0.001,3.0,150.0,40000.0,0.4924073815345764,e5,
0.001,3.0,150.0,40000.0,0.37015917897224426,e6,

All errors less than 1
0.001,3.0,150.0,40000.0,0.14527998864650726,0.08940307796001434,0.1217333972454071,0.22989270091056824,0.4924073815345764,0.37015917897224426,

No Other Top Performers found!!!!

Total Time taken by GPU(in seconds),275.50603461265564,
