Learning Rate,0.001,
Number of units per hidden layer,4,
Number of hidden layers,170,
Number of iterations,10000,
Regularisation,0,
Loss function,isSum,True,
,isAbsolute,False,
,isPercent,True,
,
,
Learning Rate,Number of hidden layers,Number of units per hidden layer,Number of iterations,e1,e2,e3,e4,e5,e6,
0.001,4.0,170.0,10000.0,0.23686377704143524,0.2507987320423126,0.2398795634508133,0.06263274699449539,0.40737950801849365,0.2035161703824997,

0.001,4.0,170.0,10000.0,0.23686377704143524,e1,
0.001,4.0,170.0,10000.0,0.2507987320423126,e2,
0.001,4.0,170.0,10000.0,0.2398795634508133,e3,
0.001,4.0,170.0,10000.0,0.06263274699449539,e4,
0.001,4.0,170.0,10000.0,0.40737950801849365,e5,
0.001,4.0,170.0,10000.0,0.2035161703824997,e6,

All errors less than 1
0.001,4.0,170.0,10000.0,0.23686377704143524,0.2507987320423126,0.2398795634508133,0.06263274699449539,0.40737950801849365,0.2035161703824997,

No Other Top Performers found!!!!

Total Time taken by GPU(in seconds),87.84572052955627,
