Number of Inputs,2,
Number of Outputs,6,
Number of data points,10515000,
Case,2,
Size of mini-batch,2048,
Number of batches,20,
Number of Training examples,40960,
Number of Validation examples,1000,
Number of iterations,30000,
Layer Normalization,True,
,
Optimizer,<class 'torch.optim.adam.Adam'>,
Activation Function,<class 'torch.nn.modules.activation.PReLU'>,
,
Loss function,isSum,False,
,isAbsolute,False,
,isPercent,True,
,Regularisation,None,
,
,
initLR,lrUpdateCoeff,lrUpdatePeriod,L1,N1,L2,N2,e1,e2,e3,e4,e5,e6,
0.01,5.0,5000.0,10.0,173.0,1.0,3.0,51.60424041748047,52.15887451171875,53.10369110107422,44.672142028808594,77.58586883544922,28.866451263427734,
0.01,5.0,5000.0,10.0,173.0,1.0,3.0,49.89772033691406,48.72096252441406,46.748619079589844,40.203487396240234,63.49723434448242,24.823148727416992,
,

0.01,5.0,5000.0,10.0,173.0,1.0,3.0,49.89772033691406,e1,
0.01,5.0,5000.0,10.0,173.0,1.0,3.0,48.72096252441406,e2,
0.01,5.0,5000.0,10.0,173.0,1.0,3.0,46.748619079589844,e3,
0.01,5.0,5000.0,10.0,173.0,1.0,3.0,40.203487396240234,e4,
0.01,5.0,5000.0,10.0,173.0,1.0,3.0,63.49723434448242,e5,
0.01,5.0,5000.0,10.0,173.0,1.0,3.0,24.823148727416992,e6,

No Top Performers found!!!!

No Other Top Performers found!!!!

Total Time taken by GPU(in seconds),10964.199992895126,
