Number of Inputs,2,
Number of Outputs,6,
Number of data points,4515000,
Case,2,
Size of mini-batch,2048,
Number of batches,20,
Number of Training examples,40960,
Number of Validation examples,10000,
Number of iterations,30000,
Layer Normalization,True,
,
Optimizer,<class 'torch.optim.adam.Adam'>,
Activation Function,<class 'torch.nn.modules.activation.PReLU'>,
,
Loss function,isSum,False,
,isAbsolute,False,
,isPercent,True,
,Regularisation,None,
,
,
initLR,lrUpdateCoeff,lrUpdatePeriod,L1,N1,L2,N2,e1,e2,e3,e4,e5,e6,
0.01,5.0,5000.0,7.0,207.0,1.0,3.0,0.14694641530513763,0.07426522672176361,0.09524962306022644,0.09490396827459335,0.176203653216362,0.07890421152114868,
0.01,5.0,5000.0,7.0,207.0,1.0,3.0,0.13138015568256378,0.06626924872398376,0.05999477580189705,0.08714129030704498,0.16494758427143097,0.07060477137565613,
,

0.01,5.0,5000.0,7.0,207.0,1.0,3.0,0.13138015568256378,e1,
0.01,5.0,5000.0,7.0,207.0,1.0,3.0,0.06626924872398376,e2,
0.01,5.0,5000.0,7.0,207.0,1.0,3.0,0.05999477580189705,e3,
0.01,5.0,5000.0,7.0,207.0,1.0,3.0,0.08714129030704498,e4,
0.01,5.0,5000.0,7.0,207.0,1.0,3.0,0.16494758427143097,e5,
0.01,5.0,5000.0,7.0,207.0,1.0,3.0,0.07060477137565613,e6,

All errors less than 1
0.01,5.0,5000.0,7.0,207.0,1.0,3.0,0.13138015568256378,0.06626924872398376,0.05999477580189705,0.08714129030704498,0.16494758427143097,0.07060477137565613,

No Other Top Performers found!!!!

Total Time taken by GPU(in seconds),15568.671282529831,
